Model,MAE,RMSE,R2
Linear Regression,0.31545625179170855,0.31545625179170855,
Random Forest,0.1415849408794898,0.1415849408794898,
XGBoost,0.2220680035413345,0.2220680035413345,
